de_file;en_file
de/about.html;en/about.html
de/altes-wissen.html;en/old-knowledge.html
de/anatomie-und-chirurgie.html;en/anatomy-and-surgery.html
de/anfange.html;en/early-years.html
de/antike-proportionen.html;en/proportions-ancients.html
de/antike-quellen-und-neue-erfahrungen.html;en/ancient-sources-and-new-experiences.html
de/atlanticus-zerstreut.html;en/atlanticus-scattered.html
de/bookoverview.html;en/bookoverview.html
de/bookoverview_all.html;en/bookoverview_all.html
de/brunelleschis-kuppel.html;en/brunelleschis-dome.html
de/buch-1-leonardo-da-vinci-1518-ecc-perche-la-minestra-si-fredda-codex-arundel-british-library-london-arundel-ms-263-fol-245r.html;en/div-classleo_title_authorleonardo-da-vincidivdiv-classleo_title_titlep-classinglese_catalogo_titolo_eng-langit-itecc-perchspan-langhe-ile-spanla-minestra-si-fredda-pdivdiv-classleo_title_dateplacep-classinglese_catalogo_dati_tec_eng-lan.html
de/buch-100-apian-petrus-und-rainer-gemma-frisius-1548-libro-dela-cosmographia-antwerpen-bontius.html;en/div-classleo_title_authorapian-petrus-und-rainer-gemma-frisiusdivdiv-classleo_title_titlep-classtedesco_catalogo_titolo_dlibro-dela-cosmographiapdivdiv-classleo_title_dateplacep-classtedesco_catalogo_dati_tec_dantwerpen-bontius-1548pdiv.html
de/buch-101-fra-mauro-ca-1450-mappa-mundi.html;en/div-classleo_title_authorfra-maurodivdiv-classleo_title_titlep-classtedesco_catalogo_titolo_dmappa-mundipdivdiv-classleo_title_dateplacep-classtedesco_catalogo_dati_tec_dca-1450-pdiv.html
de/buch-102-martin-waldseemuller-1507-universalis-cosmographia-secundum-ptholemaei-traditionem-et-americi-vespucii-aliorumque-lustrationes.html;en/div-classleo_title_authormartin-waldseemullerdivdiv-classleo_title_titlep-classtedesco_catalogo_titolo_duniversalis-cosmographia-secundum-ptholemaei-traditionem-bret-americi-vespucii-aliorumque-lustrationespdivdiv-classleo_title_datepla.html
de/buch-103-johann-theodor-de-bry-1613-das-vierdte-buch-von-der-neuwen-welt-oder-neuwe-und-grundtliche-historien-von-dem-nidergangischen-indien-so-von-christophoro-columbo-im-jar-1492-erstlich-erfunden-tafel-xviii.html;en/div-classleo_title_authorjohann-theodor-de-brydivdiv-classleo_title_titlep-classtedesco_catalogo_titolo_ddas-vierdte-buch-von-der-neuwen-welt-oder-neuwe-und-grundtliche-historien-brvon-dem-nidergangischen-indien-so-von-christophoro-colu.html
de/buch-104-jan-van-der-straetjoannes-stradanus-zeichner-und-hans-collaert-stecher-ca-1590-astrolabium-amerigo-vespucci-entdeckt-das-kreuz-des-sudens-gr-201367-in-nova-reperta-antwerpen.html;en/div-classleo_title_authorjan-van-der-straetjoannes-stradanus-zeichner-und-hans-collaert-stecherdivdiv-classleo_title_titlep-classtedesco_catalogo_titolo_dastrolabium-amerigo-vespucci-entdeckt-das-kreuz-des-sudenspdivdiv-classleo_title_d.html
de/buch-105-behaim-globus-ca-14911494.html;en/div-classleo_title_authorleonardo-da-vincidivdiv-classleo_title_titlep-classtedesco_catalogo_titolo_dbehaim-globuspdivdiv-classleo_title_dateplacep-classtedesco_catalogo_dati_tec_dca-14911494pdiv.html
de/buch-106-lindholmer-quadrant-ca-1600.html;en/div-classleo_title_authorleonardo-da-vincidivdiv-classleo_title_titlep-classtedesco_catalogo_titolo_dlindholmer-quadrantpdivdiv-classleo_title_dateplacep-classtedesco_catalogo_dati_tec_dca-1600pdiv.html
de/buch-107-leonardo-da-vinci-1505-transformation-codex-forster-i-victoria-and-albert-museum-london-fol-7r.html;en/div-classleo_title_authorleonardo-da-vincidivdiv-classleo_title_titlep-classtedesco_catalogo_titolo_dtransformationpdivdiv-classleo_title_dateplacep-classtedesco_catalogo_dati_tec_d1505-pdiv.html
de/buch-108-leonardo-da-vinci-ca-14871490-wortschatz-codex-trivulzianus-biblioteca-trivulziana-mailand-fol-13v.html;en/div-classleo_title_authorleonardo-da-vincidivdiv-classleo_title_titlep-classtedesco_catalogo_titolo_dwortschatz-pdivdiv-classleo_title_dateplacep-classtedesco_catalogo_dati_tec_dca-14871490pdiv.html
de/buch-109-leonardo-da-vinci-14871490-luftschraube-paris-ms-b-institut-de-france-paris-fol-83v.html;en/div-classleo_title_authorleonardo-da-vincidivdiv-classleo_title_titlep-classtedesco_catalogo_titolo_dluftschraubepdivdiv-classleo_title_dateplacep-classtedesco_catalogo_dati_tec_d14871490-pdiv.html
de/buch-11-aesop-und-francesco-del-tuppo-1485-aesopus-moralisatus-neapel-francesco-del-tuppo.html;en/div-classleo_title_authoraesop-and-francesco-del-tuppodivdiv-classleo_title_titlep-classinglese_catalogo_titolo_eng-langit-itaesopus-moralisatus-pdivdiv-classleo_title_dateplacep-classinglese_catalogo_dati_tec_eng-langit-itnaples-france.html
de/buch-110-leonardo-da-vinci-ca-14901491-schlagschatten-paris-ms-c-institut-de-france-paris-fol-13r.html;en/div-classleo_title_authorleonardo-da-vincidivdiv-classleo_title_titlep-classtedesco_catalogo_titolo_dschlagschattenpdivdiv-classleo_title_dateplacep-classtedesco_catalogo_dati_tec_dca-14901491-pdiv.html
de/buch-111-leonardo-da-vinci-14951500-problemlosung-paris-ms-m-institut-de-france-paris-erste-umschlagseite-und-fol-1r.html;en/div-classleo_title_authorleonardo-da-vincidivdiv-classleo_title_titlep-classtedesco_catalogo_titolo_dproblemlosungpdivdiv-classleo_title_dateplacep-classtedesco_catalogo_dati_tec_d14951500-pdiv.html
de/buch-112-leonardo-da-vinci-ca-1497-regelwerk-paris-ms-i-institut-de-france-paris-fol-137v138r.html;en/div-classleo_title_authorleonardo-da-vincidivdiv-classleo_title_titlep-classtedesco_catalogo_titolo_dregelwerkpdivdiv-classleo_title_dateplacep-classtedesco_catalogo_dati_tec_dca-1497-pdiv.html
de/buch-113-leonardo-da-vinci-1502-spannweite-paris-ms-l-institut-de-france-paris-fol-66r.html;en/div-classleo_title_authorleonardo-da-vincidivdiv-classleo_title_titlep-classtedesco_catalogo_titolo_dspannweitepdivdiv-classleo_title_dateplacep-classtedesco_catalogo_dati_tec_d1502-pdiv.html
de/buch-114-leonardo-da-vinci-ca-15051506-vogelflug-codex-on-the-flight-of-birds-codice-sul-volo-degli-uccelli-biblioteca-reale-turin-cod-varia-95-fol-16v17r.html;en/div-classleo_title_authorleonardo-da-vincidivdiv-classleo_title_titlep-classtedesco_catalogo_titolo_dvogelflugpdivdiv-classleo_title_dateplacep-classtedesco_catalogo_dati_tec_dca-15051506pdiv.html
de/buch-115-leonardo-da-vinci-15061509-bewegungsapparat-paris-ms-k-institut-de-france-paris-fol-109v.html;en/div-classleo_title_authorleonardo-da-vincidivdiv-classleo_title_titlep-classtedesco_catalogo_titolo_dbewegungsapparatpdivdiv-classleo_title_dateplacep-classtedesco_catalogo_dati_tec_d15061509pdiv.html
de/buch-116-leonardo-da-vinci-15131514-weltuntergang-paris-ms-g-institut-de-france-paris-fol-6v-8r.html;en/div-classleo_title_authorleonardo-da-vincidivdiv-classleo_title_titlep-classtedesco_catalogo_titolo_dweltuntergang-pdivdiv-classleo_title_dateplacep-classtedesco_catalogo_dati_tec_d15131514pdiv.html
de/buch-117-die-codices.html;en/div-classleo_title_authorleonardo-da-vincidivdiv-classleo_title_titlep-classtedesco_catalogo_titolo_dspan-classcharoverride-14montage-sabine-bertram-und-esther-chenbrspanpdivdiv-classleo_title_dateplacep-classtedesco_catalogo_dati_tec_d.html
de/buch-118-leonardo-da-vinci-14781480-explosionszeichnung-eines-zahnradgetriebes-codex-atlanticus-biblioteca-ambrosiana-mailand-fol-30v.html;en/div-classleo_title_authorleonardo-da-vincidivdiv-classleo_title_titlep-classtedesco_catalogo_titolo_dspan-classcharoverride-14montage-sabine-bertram-und-esther-chenbrspanpdiv.html
de/buch-119-leonardo-da-vinci-ca-14801482-systeme-zur-wasserforderung-eimerkette-archimedesschrauben-codex-atlanticus-biblioteca-ambrosiana-mailand-fol-1069v.html;en/div-classleo_title_authorleonardo-da-vincidivdiv-classleo_title_titlep-classtedesco_catalogo_titolo_dexplosionszeichnung-eines-zahnradgetriebes-pdivdiv-classleo_title_dateplacep-classtedesco_catalogo_dati_tec_d14781480-pdiv.html
de/buch-12-euklid-1482-elementa-geometriae-herausgegeben-von-johannes-campanus-venedig-erhard-ratdolt.html;en/div-classleo_title_authoreucliddivdiv-classleo_title_titlep-classinglese_catalogo_titolo_eng-langit-itelementa-geometriae-pdivdiv-classleo_title_dateplacep-classinglese_catalogo_dati_tec_eng-langit-itedited-by-johannes-campanus-venice-e.html
de/buch-120-leonardo-da-vinci-ca-14801482-systeme-zur-wasserforderung-archimedesschraube-wasserrader-codex-atlanticus-biblioteca-ambrosiana-mailand-fol-26v.html;en/div-classleo_title_authorleonardo-da-vincidivdiv-classleo_title_titlep-classtedesco_catalogo_titolo_dsysteme-zur-wasserforderung-eimerkette-archimedesschraubenpdivdiv-classleo_title_dateplacep-classtedesco_catalogo_dati_tec_dca-14801482.html
de/buch-121-leonardo-da-vinci-ca-1480-belagerungsbrucke-codex-atlanticus-biblioteca-ambrosiana-mailand-fol-1084r.html;en/div-classleo_title_authorleonardo-da-vincidivdiv-classleo_title_titlep-classtedesco_catalogo_titolo_dsysteme-zur-wasserforderung-archimedesschraube-wasserrader-pdivdiv-classleo_title_dateplacep-classtedesco_catalogo_dati_tec_dca-1480148.html
de/buch-122-leonardo-da-vinci-14851492-riesenarmbrust-codex-atlanticus-biblioteca-ambrosiana-mailand-fol-149r-b.html;en/div-classleo_title_authorleonardo-da-vincidivdiv-classleo_title_titlep-classtedesco_catalogo_titolo_dbelagerungsbrucke-pdivdiv-classleo_title_dateplacep-classtedesco_catalogo_dati_tec_dca-1480-pdiv.html
de/buch-123-leonardo-da-vinci-1485-schrapnell-morser-codex-atlanticus-biblioteca-ambrosiana-mailand-fol-33r.html;en/div-classleo_title_authorleonardo-da-vincidivdiv-classleo_title_titlep-classtedesco_catalogo_titolo_driesenarmbrustpdivdiv-classleo_title_dateplacep-classtedesco_catalogo_dati_tec_d14851492pdiv.html
de/buch-124-leonardo-da-vinci-14871488-konstruktionszeichnungen-fur-das-modell-der-vierungskuppel-tiburio-des-mailander-doms-codex-atlanticus-biblioteca-ambrosiana-mailand-fol-850r.html;en/div-classleo_title_authorleonardo-da-vincidivdiv-classleo_title_titlep-classtedesco_catalogo_titolo_dschrapnell-morserpdivdiv-classleo_title_dateplacep-classtedesco_catalogo_dati_tec_d1485-pdiv.html
de/buch-125-leonardo-da-vinci-ca-14871490-studien-zu-fluggeraten-fallschirm-codex-atlanticus-biblioteca-ambrosiana-mailand-fol-1058v.html;en/div-classleo_title_authorleonardo-da-vincidivdiv-classleo_title_titlep-classtedesco_catalogo_titolo_dkonstruktionszeichnungen-fur-das-modell-der-vierungskuppel-tiburio-des-mailander-domspdivdiv-classleo_title_dateplacep-classtedesco_cat.html
de/buch-126-leonardo-da-vinci-ca-1497-studien-zur-mechanik-tiegeldruckpresse-zahnradgetriebe-codex-atlanticus-biblioteca-ambrosiana-mailand-fol-1038r.html;en/div-classleo_title_authorleonardo-da-vincidivdiv-classleo_title_titlep-classtedesco_catalogo_titolo_dstudien-zu-fluggeraten-fallschirmpdivdiv-classleo_title_dateplacep-classtedesco_catalogo_dati_tec_dca-14871490pdiv.html
de/buch-127-leonardo-da-vinci-15031504-baukran-fur-kanalaushub-codex-atlanticus-biblioteca-ambrosiana-mailand-fol-4r.html;en/div-classleo_title_authorleonardo-da-vincidivdiv-classleo_title_titlep-classtedesco_catalogo_titolo_dstudien-zur-mechanik-tiegeldruckpresse-zahnradgetriebepdivdiv-classleo_title_dateplacep-classtedesco_catalogo_dati_tec_dca-1497pdiv.html
de/buch-13-leonardo-da-vinci-ca-1480-entwurf-einer-druckerpresse-codex-atlanticus-biblioteca-ambrosiana-mailand-fol-995r.html;en/div-classleo_title_authorleonardo-da-vincidivdiv-classleo_title_titlep-classinglese_catalogo_titolo_eng-langit-itdesign-for-a-printing-presspdivdiv-classleo_title_dateplacep-classinglese_catalogo_dati_tec_eng-langit-itca-span-langpt-pt1.html
de/buch-14-raffaello-sanzio-ca-15101511-die-schule-von-athen.html;en/div-classleo_title_authorraffaello-sanziodivdiv-classleo_title_titlep-classinglese_catalogo_titolo_eng-langit-itthe-school-of-athenspdivdiv-classleo_title_dateplacep-classinglese_catalogo_dati_tec_eng-langit-itspan-langpt-ptca-15101511s.html
de/buch-15-biblia-1471-ubersetzung-von-niccolo-malermi-venedig-wendelin-von-speyer.html;en/div-classleo_title_authortartaglia-niccolodivdiv-classleo_title_titlep-classtedesco_catalogo_titolo_dbibliapdivdiv-classleo_title_dateplacep-classtedesco_catalogo_dati_tec_dubersetzung-von-niccolo-malermi-venedig-wendelin-von-speyer-spa.html
de/buch-16-tartaglia-niccolo-1556-general-trattato-di-numeri-et-misure-venedig-curtio-troiano.html;en/div-classleo_title_authortartaglia-niccolodivdiv-classleo_title_titlep-classtedesco_catalogo_titolo_dgeneral-trattato-di-numeri-et-misurepdivdiv-classleo_title_dateplacep-classtedesco_catalogo_dati_tec_dvenedig-curtio-troiano-1556pdiv.html
de/buch-17-leonardo-da-vinci-ca-14721475-verkundigung-an-maria.html;en/div-classleo_title_authorleonardo-da-vincidivdiv-classleo_title_titlep-classtedesco_catalogo_titolo_dverkundigung-an-mariapdivdiv-classleo_title_dateplacep-classtedesco_catalogo_dati_tec_dca-14721475pdiv.html
de/buch-18-leonardo-da-vinci-5-august-1473-flusslandschaft-arnotal.html;en/div-classleo_title_authorleonardo-da-vincidivdiv-classleo_title_titlep-classtedesco_catalogo_titolo_dflusslandschaft-arnotalpdivdiv-classleo_title_dateplacep-classtedesco_catalogo_dati_tec_d5-august-1473pdiv.html
de/buch-19-hans-holbein-d-j-1532-der-kaufmann-georg-gisze.html;en/div-classleo_title_authorhans-holbein-d-jdivdiv-classleo_title_titlep-classtedesco_catalogo_titolo_dder-kaufmann-georg-giszepdivdiv-classleo_title_dateplacep-classtedesco_catalogo_dati_tec_d1532pdiv.html
de/buch-2-leonardo-da-vinci-14871490-bucherliste-zur-anschaffung-codex-trivulzianus-biblioteca-trivulziana-mailand-fol-2r.html;en/div-classleo_title_authorleonardo-da-vincidivdiv-classleo_title_titlep-classinglese_catalogo_titolo_eng-langit-itbook-list-potential-acquisitionspdivdiv-classleo_title_dateplacep-classinglese_catalogo_dati_tec_eng-langit-itspan-langen-u.html
de/buch-20-abakus-suanpan-anfang-1960er-jahre.html;en/div-classleo_title_authordante-alighieridivdiv-classleo_title_titlep-classtedesco_catalogo_titolo_dabakus-suanpanpdivdiv-classleo_title_dateplacep-classtedesco_catalogo_dati_tec_danfang-1960er-jahre-pdiv.html
de/buch-21-dante-alighieri-1487-la-comedia-kommentiert-von-christophorus-landinus-brescia-boninus-de-boninis.html;en/div-classleo_title_authordante-alighieridivdiv-classleo_title_titlep-classtedesco_catalogo_titolo_dla-comediapdivdiv-classleo_title_dateplacep-classtedesco_catalogo_dati_tec_dkommentiert-von-christophorus-landinus-brescia-boninus-de-bon.html
de/buch-22-boccaccio-giovanni-1370-decameron.html;en/div-classleo_title_authorboccaccio-giovannidivdiv-classleo_title_titlep-classtedesco_catalogo_titolo_ddecameronpdivdiv-classleo_title_dateplacep-classtedesco_catalogo_dati_tec_d1370-pdiv.html
de/buch-23-petrarca-francesco-1494-trionfi-e-sonetti-kommentiert-von-bernardus-ilicinus-und-franciscus-philelphus-mailand-ulrich-scinzenzeller.html;en/div-classleo_title_authorpetrarca-francescodivdiv-classleo_title_titlep-classtedesco_catalogo_titolo_dtrionfi-e-sonettipdivdiv-classleo_title_dateplacep-classtedesco_catalogo_dati_tec_dkommentiert-von-bernardus-ilicinus-und-franciscus-p.html
de/buch-24-andrea-del-verrocchio-und-leonardo-da-vinci-ca-14701475-taufe-christi.html;en/div-classleo_title_authorandrea-del-verrocchio-und-leonardo-da-vincidivdiv-classleo_title_titlep-classtedesco_catalogo_titolo_dtaufe-christipdivdiv-classleo_title_dateplacep-classtedesco_catalogo_dati_tec_dca-14701475pdiv.html
de/buch-25-giorgio-vasari-1544-sechs-toskanische-dichter.html;en/div-classleo_title_authorgiorgio-vasaridivdiv-classleo_title_titlep-classtedesco_catalogo_titolo_dsechs-toskanische-dichterpdivdiv-classleo_title_dateplacep-classtedesco_catalogo_dati_tec_d1544pdiv.html
de/buch-26-leonardo-da-vinci-ca-1475-gewandstudie-fur-eine-kniende-figur.html;en/div-classleo_title_authorleonardo-da-vincidivdiv-classleo_title_titlep-classtedesco_catalogo_titolo_dgewandstudie-fur-eine-kniende-figurpdivdiv-classleo_title_dateplacep-classtedesco_catalogo_dati_tec_dca-1475-pdiv.html
de/buch-27-maso-finiguerra-ca-14501460-zeichnender-malergehilfe.html;en/div-classleo_title_authormaso-finiguerradivdiv-classleo_title_titlep-classtedesco_catalogo_titolo_dzeichnender-malergehilfepdivdiv-classleo_title_dateplacep-classtedesco_catalogo_dati_tec_dca-14501460-pdiv.html
de/buch-28-maso-finiguerra-ca-14501460-lesender-malergehilfe.html;en/div-classleo_title_authormaso-finiguerradivdiv-classleo_title_titlep-classtedesco_catalogo_titolo_dlesender-malergehilfepdivdiv-classleo_title_dateplacep-classtedesco_catalogo_dati_tec_dca-14501460-pdiv.html
de/buch-29-lodovico-cardi-gen-il-cigoli-1610-grundriss-und-schnitt-der-florentiner-domkuppel.html;en/div-classleo_title_authorlodovico-cardi-gen-il-cigolidivdiv-classleo_title_titlep-classtedesco_catalogo_titolo_dgrundriss-und-schnitt-der-florentiner-domkuppelpdivdiv-classleo_title_dateplacep-classtedesco_catalogo_dati_tec_d1610-pdiv.html
de/buch-3-leonardo-da-vinci-ca-1495-bucherliste-codex-atlanticus-biblioteca-ambrosiana-mailand-fol-559r.html;en/div-classleo_title_authorleonardo-da-vincidivdiv-classleo_title_titlep-classinglese_catalogo_titolo_eng-langit-itbook-listpdivdiv-classleo_title_dateplacep-classinglese_catalogo_dati_tec_eng-langit-itca-1495pdiv.html
de/buch-30-ansicht-der-kuppel-des-doms-santa-maria-del-fiore-14201436-florenz-2003.html;en/div-classleo_title_authorvitruvius-polliodivdiv-classleo_title_titlep-classtedesco_catalogo_titolo_dansicht-der-kuppel-des-doms-santa-maria-del-fiore-14201436pdivdiv-classleo_title_dateplacep-classtedesco_catalogo_dati_tec_dflorenz-2003.html
de/buch-31-vitruvius-pollio-15-jh-de-architectura.html;en/div-classleo_title_authorvitruvius-polliodivdiv-classleo_title_titlep-classtedesco_catalogo_titolo_dde-architecturapdivdiv-classleo_title_dateplacep-classtedesco_catalogo_dati_tec_d15-jh-pdiv.html
de/buch-32-alberti-leon-battista-1540-de-pictura-praestantissimae-artis-et-nunquam-satis-laudatae-basel-bartholomaus-westheimer.html;en/div-classleo_title_authoralberti-leon-battistadivdiv-classleo_title_titlep-classtedesco_catalogo_titolo_dspan-langde-dede-picturaspanpdivdiv-classleo_title_dateplacep-classtedesco_catalogo_dati_tec_dspan-langde-debasel-bartholomaus-west.html
de/buch-33-alberti-leon-battista-1485-de-re-aedificatoria-florenz-nicolaus-laurentii.html;en/div-classleo_title_authoralberti-leon-battistadivdiv-classleo_title_titlep-classtedesco_catalogo_titolo_dde-re-aedificatoriapdivdiv-classleo_title_dateplacep-classtedesco_catalogo_dati_tec_dflorenz-nicolaus-laurentii-1485-pdiv.html
de/buch-34-alberti-leon-battista-aesop-und-aulus-gellius-15-jh-vita-aesopi-aesop-fabulae-leon-battista-alberti-apologi-aulus-gellius-noctes-atticae.html;en/div-classleo_title_authoralberti-leon-battista-aesop-und-aulus-gelliusdivdiv-classleo_title_titlep-classtedesco_catalogo_titolo_dvita-aesopi-aesop-fabulae-leon-battista-alberti-apologi-aulus-gellius-noctes-atticaepdivdiv-classleo_title_.html
de/buch-35-valla-giorgio-1501-de-expetendis-et-fugiendis-rebus-opus-venedig-aldus-manutius.html;en/div-classleo_title_authorvalla-giorgiodivdiv-classleo_title_titlep-classtedesco_catalogo_titolo_dde-expetendis-et-fugiendis-rebus-opuspdivdiv-classleo_title_dateplacep-classtedesco_catalogo_dati_tec_dvenedig-aldus-manutius-1501pdiv.html
de/buch-36-crescentiis-petrus-de-1538-de-agricultura-basel-henricus-petri.html;en/div-classleo_title_authorcrescentiis-petrus-dedivdiv-classleo_title_titlep-classtedesco_catalogo_titolo_dde-agriculturapdivdiv-classleo_title_dateplacep-classtedesco_catalogo_dati_tec_dbasel-henricus-petri-1538pdiv.html
de/buch-37-leonardo-da-vinci-ca-1490-selbstbeschreibung-als-homo-sanza-lettere-codex-atlanticus-biblioteca-ambrosiana-mailand-fol-327v.html;en/div-classleo_title_authorleonardo-da-vincidivdiv-classleo_title_titlep-classtedesco_catalogo_titolo_dselbstbeschreibung-als-span-classcharoverride-3homo-sanza-letterespanpdivdiv-classleo_title_dateplacep-classtedesco_catalogo_dati_tec_d.html
de/buch-38-leonardo-da-vinci-1508-entwurf-eines-etruskischen-mausoleums.html;en/div-classleo_title_authorleonardo-da-vincidivdiv-classleo_title_titlep-classtedesco_catalogo_titolo_dentwurf-eines-etruskischen-mausoleumspdivdiv-classleo_title_dateplacep-classtedesco_catalogo_dati_tec_d1508-pdiv.html
de/buch-39-marco-dente-da-ravenna-ca-15201523-laokoon.html;en/div-classleo_title_authormarco-dente-da-ravennadivdiv-classleo_title_titlep-classtedesco_catalogo_titolo_dlaokoonpdivdiv-classleo_title_dateplacep-classtedesco_catalogo_dati_tec_dca-15201523-pdiv.html
de/buch-4-leonardo-da-vinci-ca-15031504-bucherliste-codex-madrid-ii-biblioteca-nacional-de-espana-madrid-ms-8936-fol-2v3v.html;en/div-classleo_title_authorleonardo-da-vincidivdiv-classleo_title_titlep-classinglese_catalogo_titolo_eng-langit-itbook-listpdivdiv-classleo_title_dateplacep-classinglese_catalogo_dati_tec_eng-langit-itspan-langen-usca-spanspan-langpt-pt1.html
de/buch-40-leonardo-da-vinci-ca-1490-der-vitruvianische-mensch-homo-vitruvianus.html;en/div-classleo_title_authorleonardo-da-vincidivdiv-classleo_title_titlep-classtedesco_catalogo_titolo_dder-vitruvianische-mensch-homo-vitruvianuspdivdiv-classleo_title_dateplacep-classtedesco_catalogo_dati_tec_dca-1490pdiv.html
de/buch-41-kopf-des-aristoteles-romische-kopie-des-12-jh-n-chr-nach-griechischem-original-des-4-jh-v-chr.html;en/div-classleo_title_authorperotti-niccolodivdiv-classleo_title_titlep-classtedesco_catalogo_titolo_dkopf-des-aristotelespdivdiv-classleo_title_dateplacep-classtedesco_catalogo_dati_tec_dromische-kopie-des-12-jh-n-chr-nach-griechischem-or.html
de/buch-42-perotti-niccolo-1490-rudimenta-grammatices-venedig-bonetus-locatellus.html;en/div-classleo_title_authorperotti-niccolodivdiv-classleo_title_titlep-classtedesco_catalogo_titolo_drudimenta-grammaticespdivdiv-classleo_title_dateplacep-classtedesco_catalogo_dati_tec_dvenedig-bonetus-locatellus-1490pdiv.html
de/buch-43-philelphus-johannes-marius-1486-epistolae-basel-johann-amerbach.html;en/div-classleo_title_authorphilelphus-johannes-mariusdivdiv-classleo_title_titlep-classtedesco_catalogo_titolo_depistolaepdivdiv-classleo_title_dateplacep-classtedesco_catalogo_dati_tec_dbasel-johann-amerbach-1486pdiv.html
de/buch-44-poggio-bracciolini-gian-francesco-1487-facetiarum-liber-venedig-thomas-de-blavis.html;en/div-classleo_title_authorpoggio-bracciolini-gian-francescodivdiv-classleo_title_titlep-classtedesco_catalogo_titolo_dfacetiarum-liberpdivdiv-classleo_title_dateplacep-classtedesco_catalogo_dati_tec_dvenedig-thomas-de-blavis-1487pdiv.html
de/buch-45-ghiberti-bonaccorso-15-jh-zibaldone-biblioteca-nazionale-centrale-di-firenze-banco-rari-228.html;en/div-classleo_title_authorghiberti-bonaccorsodivdiv-classleo_title_titlep-classtedesco_catalogo_titolo_dzibaldonepdivdiv-classleo_title_dateplacep-classtedesco_catalogo_dati_tec_d15-jh-pdiv.html
de/buch-46-brant-sebastian-1488-1498-stultifera-navis-narrenschiff-ubersetzung-von-jakob-locher-lyon-jacques-sacon.html;en/div-classleo_title_authorbrant-sebastiandivdiv-classleo_title_titlep-classtedesco_catalogo_titolo_dstultifera-navis-narrenschiffpdivdiv-classleo_title_dateplacep-classtedesco_catalogo_dati_tec_dubersetzung-von-jakob-locher-lyon-jacques-.html
de/buch-47-a-leonardo-da-vinci-1508-erster-briefentwurf-codex-atlanticus-biblioteca-ambrosiana-mailand-fol-1037v.html;en/div-classleo_title_titlediv.html
de/buch-47-b-leonardo-da-vinci-1508-zweiter-briefentwurf-codex-atlanticus-biblioteca-ambrosiana-mailand-fol-872r.html;en/div-classleo_title_titlediv-copy-2.html
de/buch-48-leonardo-da-vinci-ca-1490-fabeln-und-fazetien-codex-atlanticus-biblioteca-ambrosiana-mailand-fol-207r.html;en/div-classleo_title_authorleonardo-da-vincidivdiv-classleo_title_titlep-classtedesco_catalogo_titolo_dfabeln-und-fazetienpdivdiv-classleo_title_dateplacep-classtedesco_catalogo_dati_tec_dca-1490-pdiv.html
de/buch-49-ovidius-naso-publius-1497-ovidio-methamorphoseos-vulgare-ubersetzung-von-giovanni-bonsignori-venedig-giovanni-rosso-fur-lucantonio-giunta.html;en/div-classleo_title_authorovidius-naso-publiusdivdiv-classleo_title_titlep-classtedesco_catalogo_titolo_dovidio-methamorphoseos-vulgarepdivdiv-classleo_title_dateplacep-classtedesco_catalogo_dati_tec_dubersetzung-von-giovanni-bonsignori-.html
de/buch-5-die-druckzentren-venedig-und-paris.html;en/div-classleo_title_authorptolemy-claudiusdivdiv-classleo_title_titlep-classinglese_catalogo_titolo_eng-langit-itspan-langen-usthe-printing-hubs-venice-and-parisspanpdivdiv-classleo_title_dateplacep-classinglese_catalogo_dati_tec_eng-lan.html
de/buch-50-lucretius-carus-titus-1500-de-rerum-natura-herausgegeben-von-hieronymus-avantius-venedig-aldus-manutius.html;en/div-classleo_title_authorlucretius-carus-titusdivdiv-classleo_title_titlep-classtedesco_catalogo_titolo_dde-rerum-naturapdivdiv-classleo_title_dateplacep-classtedesco_catalogo_dati_tec_dherausgegeben-von-hieronymus-avantiuspdiv.html
de/buch-51-livius-titus-1493-deche-di-tito-livio-vulgare-historiate-venedig-giovanni-rosso-fur-lucantonio-giunt.html;en/div-classleo_title_authorlivius-titusdivdiv-classleo_title_titlep-classtedesco_catalogo_titolo_ddeche-di-tito-livio-vulgare-historiate-pdivdiv-classleo_title_dateplacep-classtedesco_catalogo_dati_tec_dvenedig-giovanni-rosso-fur-lucanton.html
de/buch-52-plinius-secundus-gaius-1481-historia-naturalis-ubersetzung-von-christophorus-landinus-venedig-filippo-di-pietro.html;en/div-classleo_title_authorplinius-secundus-gaiusdivdiv-classleo_title_titlep-classtedesco_catalogo_titolo_dhistoria-naturalispdivdiv-classleo_title_dateplacep-classtedesco_catalogo_dati_tec_dubersetzung-von-christophorus-landinus-pdiv.html
de/buch-53-foresti-giacomo-filippo-1486-supplementum-chronicarum-venedig-bernardinus-benalius.html;en/div-classleo_title_authorforesti-giacomo-filippodivdiv-classleo_title_titlep-classtedesco_catalogo_titolo_dsupplementum-chronicarum-pdivdiv-classleo_title_dateplacep-classtedesco_catalogo_dati_tec_dvenedig-bernardinus-benalius-1486pdiv.html
de/buch-54-schedel-hartmann-1493-liber-chronicarum-nurnberg-anton-koberger.html;en/div-classleo_title_authorschedel-hartmanndivdiv-classleo_title_titlep-classtedesco_catalogo_titolo_dliber-chronicarumpdivdiv-classleo_title_dateplacep-classtedesco_catalogo_dati_tec_dnurnberg-anton-koberger-1493pdiv.html
de/buch-55-leonardo-da-vinci-14951500-studien-zum-baumwuchs-paris-ms-m-institut-de-france-paris-fol-78v79r.html;en/div-classleo_title_authorleonardo-da-vincidivdiv-classleo_title_titlep-classtedesco_catalogo_titolo_dstudien-zum-baumwuchs-pdivdiv-classleo_title_dateplacep-classtedesco_catalogo_dati_tec_d14951500pdiv.html
de/buch-56-konservierter-baum-bonsai.html;en/div-classleo_title_authorleonardo-da-vincidivdiv-classleo_title_titlep-classtedesco_catalogo_titolo_dkonservierter-baum-bonsaipdivdiv-classleo_title_dateplacep-classtedesco_catalogo_dati_tec_dpraparatpdiv.html
de/buch-57-leonardo-da-vinci-ca-15121513-knochen-und-muskeln-eines-vogelflugels.html;en/div-classleo_title_authorleonardo-da-vincidivdiv-classleo_title_titlep-classtedesco_catalogo_titolo_dknochen-und-muskeln-eines-vogelflugelspdivdiv-classleo_title_dateplacep-classtedesco_catalogo_dati_tec_dca-15121513-pdiv.html
de/buch-58-skelett-einer-amsel.html;en/div-classleo_title_authorleonardo-da-vincidivdiv-classleo_title_titlep-classtedesco_catalogo_titolo_dskelett-einer-amselpdivdiv-classleo_title_dateplacep-classtedesco_catalogo_dati_tec_dpraparatpdiv.html
de/buch-59-leonardo-da-vinci-14971499-fossilien-paris-ms-i-institut-de-france-paris-fol-25r.html;en/div-classleo_title_authorleonardo-da-vincidivdiv-classleo_title_titlep-classtedesco_catalogo_titolo_dfossilienpdivdiv-classleo_title_dateplacep-classtedesco_catalogo_dati_tec_d14971499-pdiv.html
de/buch-6-druckereischranke-setzschranke-druckerei-der-deutschen-reichsbahn-berlin-ca-19001960.html;en/div-classleo_title_authorptolemy-claudiusdivdiv-classleo_title_titlep-classinglese_catalogo_titolo_eng-langit-itspan-langen-usprinting-cabinettype-cabinet-deutsche-reichsbahn-printing-shop-spanpdivdiv-classleo_title_dateplacep-classingl.html
de/buch-60-fossilien-paleodictyon-isp.html;en/div-classleo_title_authorleonardo-da-vincidivdiv-classleo_title_titlep-classtedesco_catalogo_titolo_dfossilien-paleodictyon-isppdivdiv-classleo_title_dateplacep-classtedesco_catalogo_dati_tec_dgipsabgusspdiv.html
de/buch-61-leonardo-da-vinci-ca-15131518-sintflut.html;en/div-classleo_title_authorleonardo-da-vincidivdiv-classleo_title_titlep-classtedesco_catalogo_titolo_dsintflutpdivdiv-classleo_title_dateplacep-classtedesco_catalogo_dati_tec_dca-15131518-pdiv.html
de/buch-62-kyeser-konrad-ca-1430-bellifortis-bayerische-staatsbibliothek-munchen-clm-30150.html;en/div-classleo_title_authorkyeser-konraddivdiv-classleo_title_titlep-classtedesco_catalogo_titolo_dspan-langde-debellifortisspanpdivdiv-classleo_title_dateplacep-classtedesco_catalogo_dati_tec_dspan-langde-deca-1430-spanpdiv.html
de/buch-63-valturius-robertus-1483-de-re-militari-verona-boninus-de-boninis.html;en/div-classleo_title_authorvalturius-robertusdivdiv-classleo_title_titlep-classtedesco_catalogo_titolo_dde-re-militaripdivdiv-classleo_title_dateplacep-classtedesco_catalogo_dati_tec_dverona-boninus-de-boninis-1483pdiv.html
de/buch-64-taccola-mariano-di-jacopo-14321433-de-ingeneis-iiiiv-biblioteca-nazionale-centrale-di-firenze-palatino-766.html;en/div-classleo_title_authortaccola-mariano-di-jacopodivdiv-classleo_title_titlep-classtedesco_catalogo_titolo_dde-ingeneis-iiiiv-pdivdiv-classleo_title_dateplacep-classtedesco_catalogo_dati_tec_d14321433-pdiv.html
de/buch-65-taccola-mariano-di-jacopo-und-francesco-di-giorgio-martini-ca-1480-disegni-di-macchine-biblioteca-nazionale-centrale-di-firenze-palatino-767.html;en/div-classleo_title_authortaccola-mariano-di-jacopo-und-francesco-di-giorgio-martinidivdiv-classleo_title_titlep-classtedesco_catalogo_titolo_ddisegni-di-macchine-pdivdiv-classleo_title_dateplacep-classtedesco_catalogo_dati_tec_dca-1480-.html
de/buch-66-martini-francesco-di-giorgio-14781481-trattato-di-architettura-e-macchine-biblioteca-medicea-laurenziana-di-firenze-ms-ashburnham-361.html;en/div-classleo_title_authormartini-francesco-di-giorgiodivdiv-classleo_title_titlep-classtedesco_catalogo_titolo_dtrattato-di-architettura-e-macchinepdivdiv-classleo_title_dateplacep-classtedesco_catalogo_dati_tec_d14781481-pdiv.html
de/buch-67-leonardo-da-vinci-ca-1482-bewerbungsschreiben-an-ludovico-sforza-codex-atlanticus-biblioteca-ambrosiana-mailand-fol-1082r.html;en/div-classleo_title_authorleonardo-da-vincidivdiv-classleo_title_titlep-classtedesco_catalogo_titolo_dbewerbungsschreiben-an-ludovico-sforzapdivdiv-classleo_title_dateplacep-classtedesco_catalogo_dati_tec_dca-1482-pdiv.html
de/buch-68-leonardo-da-vinci-1491-modell-fur-den-guss-des-sforza-pferdes-codex-madrid-ii-biblioteca-nacional-de-espana-madrid-ms-8936-fol-157r.html;en/div-classleo_title_authorleonardo-da-vincidivdiv-classleo_title_titlep-classtedesco_catalogo_titolo_dmodell-fur-den-guss-des-sforza-pferdes-pdivdiv-classleo_title_dateplacep-classtedesco_catalogo_dati_tec_d1491-pdiv.html
de/buch-69-leonardo-da-vinci-15101511-anatomische-studien-eines-armes-corpus-of-the-anatomical-studies-fol-135v.html;en/div-classleo_title_authorleonardo-da-vincidivdiv-classleo_title_titlep-classtedesco_catalogo_titolo_danatomische-studien-eines-armes-pdivdiv-classleo_title_dateplacep-classtedesco_catalogo_dati_tec_d15101511-pdiv.html
de/buch-7-buchpresse-alexanderwerk-ag-remscheid-ca-1900.html;en/div-classleo_title_authorptolemy-claudiusdivdiv-classleo_title_titlep-classinglese_catalogo_titolo_eng-langit-itspan-langen-usbookbinding-pressspan-alexanderwerk-agpdivdiv-classleo_title_dateplacep-classinglese_catalogo_dati_tec_eng-lan.html
de/buch-70-archimedes-johannes-campanus-und-severinus-boethius-1503-tetragonismus-herausgegeben-von-luca-gaurico-venedig-giovanni-battista-sessa.html;en/div-classleo_title_authorarchimedes-johannes-campanus-und-severinus-boethiusdivdiv-classleo_title_titlep-classtedesco_catalogo_titolo_dtetragonismuspdivdiv-classleo_title_dateplacep-classtedesco_catalogo_dati_tec_dherausgegeben-von-luca.html
de/buch-71-euklid-jordanus-nemorarius-gerardus-de-brussel-archimedes-johannes-de-tinemue-theodosius-geber-und-alfraganus-et-al-13-jh-miscellanea.html;en/div-classleo_title_authoreuklid-jordanus-nemorarius-gerardus-de-brussel-archimedes-johannes-de-tinemue-theodosius-geber-und-alfraganus-et-aldivdiv-classleo_title_titlep-classtedesco_catalogo_titolo_dmiscellaneapdivdiv-classleo_title_dat.html
de/buch-72-peckham-johannes-1482-prospectiva-communis-herausgegeben-von-facius-cardanus-mailand-petrus-de-corneno.html;en/div-classleo_title_authorpeckham-johannesdivdiv-classleo_title_titlep-classtedesco_catalogo_titolo_dprospectiva-communispdivdiv-classleo_title_dateplacep-classtedesco_catalogo_dati_tec_dherausgegeben-von-facius-cardanus-mailand-petrus-d.html
de/buch-73-archimedes-und-piero-della-francesca-14681492-opere-biblioteca-riccardiana-di-firenze-ricc-106.html;en/div-classleo_title_authorarchimedes-und-piero-della-francescadivdiv-classleo_title_titlep-classtedesco_catalogo_titolo_doperepdivdiv-classleo_title_dateplacep-classtedesco_catalogo_dati_tec_d14681492pdiv.html
de/buch-74-pacioli-luca-1494-summa-de-arithmetica-geometria-proportioni-et-proportionalita-venedig-paganinus-de-paganinis.html;en/div-classleo_title_authorpacioli-lucadivdiv-classleo_title_titlep-classtedesco_catalogo_titolo_dsumma-de-arithmetica-geometria-proportioni-et-proportionalitapdivdiv-classleo_title_dateplacep-classtedesco_catalogo_dati_tec_dvenedig-pagan.html
de/buch-75-pacioli-luca-1509-divina-proportione-opera-a-tutti-glingegni-perspicaci-e-curiosi-necessaria-venedig-paganini-de-paganinis.html;en/div-classleo_title_authorpacioli-lucadivdiv-classleo_title_titlep-classtedesco_catalogo_titolo_ddivina-proportione-opera-a-tutti-glingegni-perspicaci-e-curiosi-necessariapdivdiv-classleo_title_dateplacep-classtedesco_catalogo_dati_tec_d.html
de/buch-76-durer-albrecht-1525-underweysung-der-messung-mit-dem-zirckel-und-richtscheyt-in-linien-ebenen-unnd-gantzen-corporen-nurnberg-hieronymus-andreae.html;en/div-classleo_title_authordurer-albrechtdivdiv-classleo_title_titlep-classtedesco_catalogo_titolo_dunderweysung-der-messung-mit-dem-zirckel-und-richtscheyt-in-linien-ebenen-unnd-gantzen-corporenpdivdiv-classleo_title_dateplacep-classtede.html
de/buch-77-ketham-johannes-de-1500-fasciculus-medicinae-similitudo-complexionum-elementorum-venedig-johannes-und-gregorius-de-gregoriis.html;en/div-classleo_title_authorketham-johannes-dedivdiv-classleo_title_titlep-classtedesco_catalogo_titolo_dfasciculus-medicinae-similitudo-complexionum-amp-elementorumpdivdiv-classleo_title_dateplacep-classtedesco_catalogo_dati_tec_dvenedig-.html
de/buch-78-jacopo-de-barbari-ca-14951500-portrat-des-fra-luca-pacioli-mit-einem-begleiter.html;en/div-classleo_title_authorjacopo-de-barbaridivdiv-classleo_title_titlep-classtedesco_catalogo_titolo_dportrat-des-fra-luca-pacioli-mit-einem-begleiterpdivdiv-classleo_title_dateplacep-classtedesco_catalogo_dati_tec_dca-14951500-pdiv.html
de/buch-79-zirkel-20-jh.html;en/div-classleo_title_authoralbrecht-durerdivdiv-classleo_title_titlep-classtedesco_catalogo_titolo_dzirkelpdivdiv-classleo_title_dateplacep-classtedesco_catalogo_dati_tec_d20-jhpdiv.html
de/buch-8-schriftkasten-mit-schmaler-wallau-schrift-druckhaus-mitte-gmbh-vorm-mosse-berlin-ca-1934.html;en/div-classleo_title_authorptolemy-claudiusdivdiv-classleo_title_titlep-classinglese_catalogo_titolo_eng-langit-itspan-langen-ustypesetter-cabinet-with-narrow-wallau-script-druckhaus-mitte-gmbh-formerly-mossespanpdivdiv-classleo_title_dat.html
de/buch-80-albrecht-durer-1514-melencolia-i.html;en/div-classleo_title_authoralbrecht-durerdivdiv-classleo_title_titlep-classtedesco_catalogo_titolo_dmelencolia-ipdivdiv-classleo_title_dateplacep-classtedesco_catalogo_dati_tec_d1514-pdiv.html
de/buch-81-experimentelle-historische-camera-obscura-optischer-teil-2006.html;en/div-classleo_title_authorleonardo-da-vincidivdiv-classleo_title_titlep-classtedesco_catalogo_titolo_dexperimentelle-historische-camera-obscura-optischer-teilpdivdiv-classleo_title_dateplacep-classtedesco_catalogo_dati_tec_d2006pdiv.html
de/buch-82-leonardo-da-vinci-ca-15081509-camera-obscura-paris-ms-d-institut-de-france-paris-fol-8r.html;en/div-classleo_title_authorleonardo-da-vincidivdiv-classleo_title_titlep-classtedesco_catalogo_titolo_dcamera-obscura-pdivdiv-classleo_title_dateplacep-classtedesco_catalogo_dati_tec_dca-15081509-pdiv.html
de/buch-83-leonardo-da-vinci-14781482-perspektivrahmen-codex-atlanticus-biblioteca-ambrosiana-mailand-fol-5r.html;en/div-classleo_title_authorleonardo-da-vincidivdiv-classleo_title_titlep-classtedesco_catalogo_titolo_dperspektivrahmenpdivdiv-classleo_title_dateplacep-classtedesco_catalogo_dati_tec_d14781482pdiv.html
de/buch-84-piero-della-francesca-ca-14591460-geielung-christi.html;en/div-classleo_title_authorpiero-della-francescadivdiv-classleo_title_titlep-classtedesco_catalogo_titolo_dgeielung-christipdivdiv-classleo_title_dateplacep-classtedesco_catalogo_dati_tec_dca-14591460-pdiv.html
de/buch-85-platonische-korper-21-jh.html;en/div-classleo_title_authornach-luca-pacioli-und-leonardo-da-vincidivdiv-classleo_title_titlep-classtedesco_catalogo_titolo_dplatonische-korperpdivdiv-classleo_title_dateplacep-classtedesco_catalogo_dati_tec_d21-jhpdiv.html
de/buch-86-nach-luca-pacioli-und-leonardo-da-vinci-1498-de-divina-proportione-tafel-xxxvi-rhombicuboctahedron-biblioteca-ambrosiana-mailand-fol-109r.html;en/div-classleo_title_authornach-luca-pacioli-und-leonardo-da-vincidivdiv-classleo_title_titlep-classtedesco_catalogo_titolo_dde-divina-proportionepdivdiv-classleo_title_dateplacep-classtedesco_catalogo_dati_tec_d1498pdiv.html
de/buch-87-leonardo-da-vinci-ca-15081509-atlas-der-weiblichen-anatomie-corpus-of-the-anatomical-studies-fol-122r.html;en/div-classleo_title_authorleonardo-da-vincidivdiv-classleo_title_titlep-classtedesco_catalogo_titolo_datlas-der-weiblichen-anatomiepdivdiv-classleo_title_dateplacep-classtedesco_catalogo_dati_tec_dca-15081509-pdiv.html
de/buch-88-a-wundarztbesteck-21-jh.html;en/div-classleo_title_titlediv-copy-3.html
de/buch-88-b-brunschwig-hieronymus-1497-dis-ist-das-buch-der-cirurgia-hantwirchung-der-wund-artzny-straburg-gruninger.html;en/div-classleo_title_titlediv-copy-4.html
de/buch-89-strabon-1510-de-situ-orbis-ubersetzung-von-guarinus-veronensis-und-gregorius-de-tipherno-venedig-philippo-pincio.html;en/div-classleo_title_authorstrabondivdiv-classleo_title_titlep-classtedesco_catalogo_titolo_dde-situ-orbispdivdiv-classleo_title_dateplacep-classtedesco_catalogo_dati_tec_dubersetzung-von-guarinus-veronensis-und-gregorius-de-tipherno-pdiv.html
de/buch-90-ptolemaeus-claudius-1486-cosmographia-herausgegeben-von-nicolaus-germanus-und-ubersetzt-von-jacobus-angelus-ulm-johann-reger-fur-justus-de-albano.html;en/div-classleo_title_authorptolemaeus-claudiusdivdiv-classleo_title_titlep-classtedesco_catalogo_titolo_dcosmographiapdivdiv-classleo_title_dateplacep-classtedesco_catalogo_dati_tec_dherausgegeben-von-nicolaus-germanus-und-ubersetzt-von-j.html
de/buch-91-alexander-aphrodisiensis-1548-alexandri-aphrodisiensis-maximi-peripatetici-in-quatuor-libros-meteorologicorum-aristotelis-commentatio-lucidissima-alexandro-piccolomineo-interprete-venedig-scotus.html;en/div-classleo_title_authoralexander-aphrodisiensisdivdiv-classleo_title_titlep-classtedesco_catalogo_titolo_dalexandri-aphrodisiensis-maximi-peripatetici-in-quatuor-libros-brmeteorologicorum-aristotelis-commentatio-lucidissima-bralexandr.html
de/buch-92-sacrobosco-johannes-de-1490-sphaerae-mundi-compendium-foeliciter-inchoat-venedig-octavianus-scotus.html;en/div-classleo_title_authorsacrobosco-johannes-dedivdiv-classleo_title_titlep-classtedesco_catalogo_titolo_dsphaerae-mundi-compendium-foeliciter-inchoatpdivdiv-classleo_title_dateplacep-classtedesco_catalogo_dati_tec_dvenedig-octavianus-s.html
de/buch-93-durer-albrecht-1528-vier-bucher-von-menschlicher-proportion-nurnberg-hieronymus-andreae.html;en/div-classleo_title_authordurer-albrechtdivdiv-classleo_title_titlep-classtedesco_catalogo_titolo_dvier-bucher-von-menschlicher-proportionpdivdiv-classleo_title_dateplacep-classtedesco_catalogo_dati_tec_dnurnberg-hieronymus-andreae-1528p.html
de/buch-94-leonardo-da-vinci-ca-15081509-optisches-experiment-paris-ms-d-institut-de-france-paris-fol-3v.html;en/div-classleo_title_authorleonardo-da-vincidivdiv-classleo_title_titlep-classtedesco_catalogo_titolo_doptisches-experimentpdivdiv-classleo_title_dateplacep-classtedesco_catalogo_dati_tec_dca-15081509-pdiv.html
de/buch-95-leonardo-da-vinci-ca-15061508-sonne-und-mond-codex-leicester-collection-of-bill-and-melinda-gates-seattle-wa-ms-leicester-699-fol-1r.html;en/div-classleo_title_authorleonardo-da-vincidivdiv-classleo_title_titlep-classtedesco_catalogo_titolo_dsonne-und-mond-pdivdiv-classleo_title_dateplacep-classtedesco_catalogo_dati_tec_dca-15061508-pdiv.html
de/buch-96-leonardo-da-vinci-ca-15101512-turbulenzen-studien-zum-stromungsverhalten-des-wassers.html;en/div-classleo_title_authorleonardo-da-vincidivdiv-classleo_title_titlep-classtedesco_catalogo_titolo_dturbulenzen-studien-zum-stromungsverhalten-des-wasserspdivdiv-classleo_title_dateplacep-classtedesco_catalogo_dati_tec_dca-15101512pdiv.html
de/buch-97-charles-francois-delamarche-geozentrische-armillarsphare-paris-ca-1800.html;en/div-classleo_title_authorcharles-francois-delamarchedivdiv-classleo_title_titlep-classtedesco_catalogo_titolo_dgeozentrische-armillarspharepdivdiv-classleo_title_dateplacep-classtedesco_catalogo_dati_tec_dparis-ca-1800pdiv.html
de/buch-98-astrolabium-ca-1980.html;en/div-classleo_title_authorregiomontanus-johannesdivdiv-classleo_title_titlep-classtedesco_catalogo_titolo_dastrolabiumpdivdiv-classleo_title_dateplacep-classtedesco_catalogo_dati_tec_dca-1980pdiv.html
de/buch-99-regiomontanus-johannes-1476-kalendarium-venedig-erhard-ratdolt-bernhard-maler-und-peter-loslein.html;en/div-classleo_title_authorregiomontanus-johannesdivdiv-classleo_title_titlep-classtedesco_catalogo_titolo_dkalendariumpdivdiv-classleo_title_dateplacep-classtedesco_catalogo_dati_tec_dvenedig-erhard-ratdolt-bernhard-maler-und-peter-losle.html
de/buch-a-vinci-14521469-telemaco-signorini-1896-vinci-nt-97552-in-gustavo-uzielli-ricerche-intorno-a-leonardo-da-vinci-edizione-seconda-corretta-e-molto-ampliata-torino-ermanno-loescher-1-aufl-florenz-g-pellas-1872.html;en/div-classleo_title_authortelemaco-signorinidivdiv-classleo_title_titlep-classinglese_catalogo_titolo_eng-langit-itspan-langfr-frvincispanspan-langen-us-spanpdivdiv-classleo_title_dateplacep-classinglese_catalogo_dati_tec_eng-langit-itsp.html
de/buch-b-florenz-14691482-leonardo-da-vinci-1479-die-hinrichtung-des-bernardo-bandini-baroncelli.html;en/div-classleo_title_authorleonardo-da-vincidivdiv-classleo_title_titlep-classinglese_catalogo_titolo_eng-langit-itthe-hanging-of-bernardo-bandini-baroncellipdivdiv-classleo_title_dateplacep-classinglese_catalogo_dati_tec_eng-langit-itspa.html
de/buch-c-mailand-14821500-nach-leonardo-da-vinci-14971500-academia-leonardi-vinci.html;en/div-classleo_title_authorafter-leonardo-da-vincidivdiv-classleo_title_titlep-classinglese_catalogo_titolo_eng-langit-itacademia-leonardi-vincipdivdiv-classleo_title_dateplacep-classinglese_catalogo_dati_tec_eng-langit-it1497span-langpt.html
de/buch-d-mantua-ober-und-mittelitalien-15001502-francesco-melzi-nach-leonardo-da-vinci-ca-15301540-codex-urbinas-latinus-1270-libro-di-pittura-biblioteca-apostolica-vaticana-rom-fol-104v105r.html;en/div-classleo_title_authorfrancesco-melzi-after-leonardo-da-vincidivdiv-classleo_title_titlep-classinglese_catalogo_titolo_eng-langit-itcodex-urbinas-latinus-1270-libro-di-pitturapdivdiv-classleo_title_dateplacep-classinglese_catalogo_da.html
de/buch-e-florenz-15031506-giorgio-vasari-1568-vita-des-leonardo-da-vinci-titelseite-mit-portratmedaillon-aus-le-vite-de-piu-eccellenti-pittori-scultori-e-architettori.html;en/div-classleo_title_authorgiorgio-vasaridivdiv-classleo_title_titlep-classinglese_catalogo_titolo_eng-langit-itvita-di-lionardo-da-vinci-title-page-with-portrait-medallion-brfrom-span-langfr-frle-vite-de-pispanspan-langhe-ilu-eccellenti.html
de/buch-f-mailand-15061512-roland-freart-roland-freart-de-chantelou-sieur-de-chambray-1651-traitte-de-la-peinture-de-leonard-de-vinci-donne-au-public-et-traduit-ditalien-en-francois-par-r-f-s-d-c-paris-langlois.html;en/div-classleo_title_authorroland-freart-roland-freart-de-chantelou-sieur-de-chambraydivdiv-classleo_title_titlep-classinglese_catalogo_titolo_eng-langit-ittraittspan-langhe-ile-de-la-peinture-de-leonard-de-vincispanpdivdiv-classleo_title.html
de/buch-g-rom-15131516-leonardo-da-vinci-15131514-munzpragung-paris-ms-g-institut-de-france-paris-fol-43r.html;en/div-classleo_title_authorleonardo-da-vincidivdiv-classleo_title_titlep-classinglese_catalogo_titolo_eng-langit-itcoin-mintingspan-langen-us-spanpdivdiv-classleo_title_dateplacep-classinglese_catalogo_dati_tec_eng-langit-itspan-langen-us.html
de/buch-h-amboise-frankreich-1516171519-francesco-melzi-zugeschrieben-ca-15151518-portrat-des-leonardo-da-vinci.html;en/div-classleo_title_authorfrancesco-melzi-attributeddivdiv-classleo_title_titlep-classinglese_catalogo_titolo_eng-langit-itspan-langpt-ptportrspanait-of-leonardo-da-vincipdivdiv-classleo_title_dateplacep-classinglese_catalogo_dati_tec_en.html
de/das-argument-der-technik.html;en/technology-argument.html
de/der-buchdruck-zur-zeit-leonardos.html;en/printing-leonardos-time.html
de/die-kronen-von-florenz.html;en/crowns-florence.html
de/die-mobilitat-des-wissens-copy-2.html;en/mobility-knowledge.html
de/die-welt-im-groen-und-im-kleinen-copy-2.html;en/world-great-and-small.html
de/div-classleo_title_booknumber10divdiv-classleo_title_authorheron-von-alexandriendivdiv-classleo_title_titlep-classtedesco_catalogo_titolo_dliber-geoponicuspdivdiv-classleo_title_dateplacep-classtedesco_catalogo_dati_tec_d16-jhpdiv.html;en/div-classleo_title_authorheron-of-alexandriadivdiv-classleo_title_titlep-classinglese_catalogo_titolo_eng-langit-itliber-geoponicuspdivdiv-classleo_title_dateplacep-classinglese_catalogo_dati_tec_eng-langit-it16th-cpdiv.html
de/div-classleo_title_booknumber9divdiv-classleo_title_authorptolemaeus-claudiusdivdiv-classleo_title_titlep-classtedesco_catalogo_titolo_dliber-de-opticapdivdiv-classleo_title_dateplacep-classtedesco_catalogo_dati_tec_dherausgegeben-und-u.html;en/div-classleo_title_authorptolemy-claudiusdivdiv-classleo_title_titlep-classinglese_catalogo_titolo_eng-langit-itliber-de-opticapdivdiv-classleo_title_dateplacep-classinglese_catalogo_dati_tec_eng-langit-itedited-and-translated-by-eugeni.html
de/epilog-die-codices-copy-2.html;en/epilogue-codices.html
de/fruh-und-endzeit.html;en/early-and-late-times.html
de/fundamente.html;en/foundations.html
de/geometrische-kunst.html;en/geometric-art.html
de/herausforderungen-der-technik-copy-2.html;en/challenges-technology.html
de/index.html;en/index.html
de/katalog.html;en/publications.html
de/kaufmannswissen.html;en/merchants-knowledge.html
de/korpermechanik.html;en/body-mechanics.html
de/kulturelle-herausforderungen-copy-2.html;en/cultural-challenges.html
de/kunstlerwerkstatt.html;en/artists-workshop.html
de/kuratoren.html;en/curators.html
de/lebensweg-leonardos.html;en/leonardos-life-and-legacy.html
de/leonardos-berliner-bibliothek-1-abteilung.html;en/leonardos-berlin-library-section-1.html
de/leonardos-berliner-bibliothek-10-abteilung.html;en/leonardos-berlin-library-section-10.html
de/leonardos-berliner-bibliothek-2-abteilung.html;en/leonardos-berlin-library-section-2.html
de/leonardos-berliner-bibliothek-3-abteilung.html;en/leonardos-berlin-library-section-3.html
de/leonardos-berliner-bibliothek-4-abteilung-copy-2.html;en/leonardos-berlin-library-section-4.html
de/leonardos-berliner-bibliothek-5-abteilung.html;en/leonardos-berlin-library-section-5.html
de/leonardos-berliner-bibliothek-6-abteilung.html;en/leonardos-berlin-library-section-6.html
de/leonardos-berliner-bibliothek-7-abteilung.html;en/leonardos-berlin-library-section-7.html
de/leonardos-berliner-bibliothek-8-abteilung-copy-2.html;en/leonardos-berlin-library-section-8.html
de/leonardos-berliner-bibliothek-9-abteilung.html;en/leonardos-berlin-library-section-9.html
de/leonardos-berliner-bibliothek.html;en/leoanardos-berlin-library.html
de/leonardos-intellektueller-kosmos.html;en/leonardos-intellectual-cosmos.html
de/leonardos-schreibtisch.html;en/leonardos-desk.html
de/nah-und-fernsichten.html;en/near-and-distant-views.html
de/naturformen.html;en/natural-forms.html
de/overview.html;en/overview.html
de/perspektiven.html;en/perspectives.html
de/platonische-korper.html;en/platonic-solids.html
de/prolog-altes-wissen-und-neue-technologie.html;en/prologue-old-knowledge-and-new-technology.html
de/team.html;en/team.html
de/visit.html;en/visit.html
de/vorbilder.html;en/mentors.html
de/welt-in-bewegung.html;en/world-motion.html
de/welt-und-naturgeschichten-copy-2.html;en/world-history-and-natural-history.html
de/wissenschaft-als-kunst-kunst-als-wissenschaft-copy-2.html;en/science-art-art-science.html
de/wissensexplosion.html;en/knowledge-explosion.html
de/wurzeln-copy-2.html;en/roots.html
de/home.html;de/home.html
de/impressum.html;de/impressum.html
de/videos.html;de/videos.html